output_id,example_id,customer_message,candidate_reply,retrieved_evidence,acceptable_points,forbidden_claims,groundedness,relevance,helpfulness,tone,privacy_violation,unsupported_action_claim,unsafe_instruction,critical_hallucination
rating_7ecc02e69a231d54,amazon_test_122,[HANDLE] come on Amazon sort your Muppet delivery drivers out.. [URL],I’m sorry you’re dealing with this. Human support needs to review your request. I cannot check account details or perform account actions.,"[{""case_id"": ""amazon_2414478"", ""problem"": ""[HANDLE] two days in a row now your delivery driver has said he's tried to deliver my package but there's been no knock on the door. Sort it out"", ""response"": ""[HANDLE] Hey [NAME]! Sorry to hear you're having trouble receiving your package. If you have a free moment please contact us here: [URL] so we may better assist you.""}, {""case_id"": ""amazon_1109535"", ""problem"": ""[HANDLE] why do amzl delivery drivers do this? Just leave it on top of the mat ffs. [URL]"", ""response"": ""[HANDLE] We'd like to relay your delivery preferences to Amazon Logistics. Would you please send your details? [URL]""}, {""case_id"": ""amazon_1670311"", ""problem"": ""[HANDLE] are your delivery drivers allowed to just enter my house without permission [HANDLE] really quite angry about this."", ""response"": ""[HANDLE] Hi, please fill out this form: [URL] so a member of our team can look into this for you.""}, {""case_id"": ""amazon_409658"", ""problem"": ""If Amazon would just send my packages through ups I'd have them already, the new Amazon delivery drivers are slow asf 😅"", ""response"": ""[HANDLE] I'm sorry for the wait! What's the latest tracking/delivery date shown in Your Orders here: [URL]""}, {""case_id"": ""amazon_1237563"", ""problem"": ""Amazon tryna come into your house and put your package on your table meanwhile Fedex rings the bell and is driving off when I open the door."", ""response"": ""[HANDLE] I'm so sorry for the poor experience! Is this regarding a current order shown here: [URL]""}]","[""address the delivery concern"", ""investigate the location or status of the package""]","[""guarantee a specific delivery time"", ""state that the package is definitely lost""]",,,,,,,,
rating_d0523f3384788465,amazon_test_115,[HANDLE] why do my prime delivery dates keep changing? Some orders are taking 5 days!what gives? #changingdates,Thanks for contacting us. A support specialist will review your request.,[],"[""address the delivery concern"", ""investigate the location or status of the package""]","[""guarantee a specific delivery time"", ""state that the package is definitely lost""]",,,,,,,,
rating_e0f797893d28f9c7,amazon_test_147,"When my [HANDLE] order finally gets delivered, I get that Christmas/Birthday feeling every time. And I’m even more excited when it comes earlier than expected!",Thanks for contacting us. A support specialist will review your request.,[],"[""address the delivery concern"", ""investigate the location or status of the package""]","[""guarantee a specific delivery time"", ""state that the package is definitely lost""]",,,,,,,,
rating_ef514cfc61e6644c,amazon_test_052,Does anyone know how to change Amazon Echo's language to English Canada?It only gives me English US and English UK and it deleted all my skills until I change it to Canada! ARGH #iot #smarthome #tech #amazonecho [HANDLE] [URL],Thanks for contacting us. A support specialist will review your request.,[],"[""address the digital service or app issue"", ""investigate technical troubleshooting steps""]","[""promise immediate technical resolution"", ""state that the bug is already fixed globally""]",,,,,,,,
rating_dfb10707c6243ccf,amazon_test_086,"Amazon, UPS idk which one of y'all playing but Ima need my package ASAP❗️",[HANDLE] Please contact us directly here: [URL] and we can look into this further.,"[{""case_id"": ""amazon_781630"", ""problem"": ""[HANDLE] no sign of parcel whatsoever, not happy. I need it ASAP"", ""response"": ""[HANDLE] Please contact us directly here: [URL] and we can look into this further.""}]","[""address the delivery concern"", ""investigate the location or status of the package""]","[""guarantee a specific delivery time"", ""state that the package is definitely lost""]",,,,,,,,
rating_c03f7b545cc34dd8,amazon_test_012,[HANDLE] Hi. We accidentally bought multiple copies of a Kindle book and only need 1. Can you help us return the extra ones? It's a Xmas present so we're unable to log onto the individual's Kindle. Thx!,I’m sorry you’re dealing with this. Human support needs to review your request. I cannot check account details or perform account actions.,"[{""case_id"": ""amazon_441022"", ""problem"": ""[HANDLE] I’ve bought a kindle book instead of a real book, can I change it please?"", ""response"": ""[HANDLE] Hi there- Can you confirm which site you placed your order? [URL] [URL] or?""}, {""case_id"": ""amazon_1223092"", ""problem"": ""Bought a kindle book on Amazon and it won’t download to my kindle app on iPad. Any ideas? All settings look ok"", ""response"": ""[HANDLE] Hello, we certainly would like to help. What site have you used to make this purchase?""}, {""case_id"": ""amazon_1953302"", ""problem"": ""[HANDLE] OK done, but weird that I select & buy a “Kindle book” but can’t get it on my Kindle, without any warning. I understand that the Kindle brand now goes wider than a Kindle reader, but a warning would help... #amazon"", ""response"": ""[HANDLE] Thank you for your feedback! I will forward it to the responsible department. Kind regards,""}, {""case_id"": ""amazon_2072941"", ""problem"": ""[HANDLE] [HANDLE] 1. Can we browse using wifi in Kindle? 2. Can we read PDF?"", ""response"": ""[HANDLE] Yes, you can browse on kindle wifi devices. For more info, please reach us from here: [URL]""}, {""case_id"": ""amazon_996689"", ""problem"": ""[HANDLE] I just ordered a book, but it appears I accidentally ordered the Kindle version by mistake. How do I cancel & order hard copy?"", ""response"": ""[HANDLE] We can help with that! You'll receive a refund if you return the e-book within 7 days. Learn more: [URL]""}]","[""address the return request"", ""explain the return process and verify eligibility""]","[""guarantee a full refund immediately"", ""state that the return is already processed""]",,,,,,,,
rating_7ed18726bd4df3e7,amazon_test_031,"You've outdone yourselves this time [HANDLE]. I saw the delivery guy hanging around outside, so went out and asked if it was a parcel for me (gave name and address) and he said no. 5 minutes later I get a message that my parcel has been delivered and left behind the wheelie bin!","[HANDLE] I'm so sorry about this, [NAME]. Please send us your details here so we can investigate this: [URL]","[{""case_id"": ""amazon_842163"", ""problem"": ""[HANDLE] [HANDLE] I had a guy leave a message for a dropoff. He said \""Hello......hello....hello?...... Fuck It\"" and took my package back!"", ""response"": ""[HANDLE] I'm so sorry about this, [NAME]. Please send us your details here so we can investigate this: [URL]""}]","[""address the delivery concern"", ""investigate the location or status of the package""]","[""guarantee a specific delivery time"", ""state that the package is definitely lost""]",,,,,,,,
rating_a556c650eadb9937,amazon_test_116,[HANDLE] [HANDLE] I am not getting any option to exchange with oneplus 5,Thanks for contacting us. A support specialist will review your request.,[],"[""request clarification regarding the user's issue"", ""extend support for any further questions""]","[""claim to fully understand the ambiguous problem"", ""provide definitive troubleshooting without context""]",,,,,,,,
rating_ba193f70feab4db4,amazon_test_008,Nice job [HANDLE]! You’re earning a lot of brownie points with me. Pretty sad that this is yet another item that was shipped right away and now it’s not arriving on it’s planned date. This is the message I received. In another message it states they “think” it’ll come Dec. 1. [URL],Thanks for contacting us. A support specialist will review your request.,[],"[""address the delivery concern"", ""investigate the location or status of the package""]","[""guarantee a specific delivery time"", ""state that the package is definitely lost""]",,,,,,,,
rating_9afa35ac0e6e61c7,amazon_test_016,[HANDLE] Daily I have been playing your quiz on Amazon App. Where do you declare the winners of these quiz? And How do I know if I am a winner?,I’m sorry you’re dealing with this. Human support needs to review your request. I cannot check account details or perform account actions.,"[{""case_id"": ""amazon_387147"", ""problem"": ""[HANDLE] Please Share the link where we can find all old app quiz contest winner without going through [HANDLE].. thanx (Don't blame my English)"", ""response"": ""[HANDLE] You may find the recent contest results here: [URL]""}, {""case_id"": ""amazon_1028229"", ""problem"": ""[HANDLE] I got the app for Amazon flex...how do I know when I can drive here in Las Vegas"", ""response"": ""[HANDLE] Great question! You can visit here for more info on how to start: [URL]""}, {""case_id"": ""amazon_1059310"", ""problem"": ""[HANDLE] how do I switch wishlists in the new version of Amazon app?"", ""response"": ""[HANDLE] Hi [NAME]! What device are you using the Amazon app on?""}, {""case_id"": ""amazon_1206195"", ""problem"": ""[HANDLE] There is no link as it was App only Quiz. See screenshot. [URL]"", ""response"": ""[HANDLE] The results will be announced today. Please stay tuned to our official page for update.""}, {""case_id"": ""amazon_709039"", ""problem"": ""[HANDLE] hi... How do you link the firestick to Alexa in the UK? I can't find the menu option in your help on my iPhone app."", ""response"": ""[HANDLE] We'd like to help, please reach us here, so we can take a closer look: [URL]""}]","[""address the digital service or app issue"", ""investigate technical troubleshooting steps""]","[""promise immediate technical resolution"", ""state that the bug is already fixed globally""]",,,,,,,,
rating_7d8d3b54c690a80e,amazon_test_052,Does anyone know how to change Amazon Echo's language to English Canada?It only gives me English US and English UK and it deleted all my skills until I change it to Canada! ARGH #iot #smarthome #tech #amazonecho [HANDLE] [URL],I’m sorry you’re dealing with this. Human support needs to review your request. I cannot check account details or perform account actions.,"[{""case_id"": ""amazon_1137863"", ""problem"": ""[HANDLE] Will i be able to change alexa voice to English US?????"", ""response"": ""[HANDLE] Yes you will be able to do the same .""}, {""case_id"": ""amazon_857760"", ""problem"": ""[HANDLE] Using Echo Plus in India, but English (India) is not available in settings. How to force update the device software?"", ""response"": ""[HANDLE] Login with your amazon credentials. Click on Settings and set country to India. ^AK (2/2)""}, {""case_id"": ""amazon_1657851"", ""problem"": ""[HANDLE] pl make plex #alexa skill available for English-India language too. [HANDLE] launched #echo last week, but Plex skill is not showing"", ""response"": ""[HANDLE] Thousands of Indian & global developers are bringing more than 10,000 skills to customers in India. We'll add them soon.""}, {""case_id"": ""amazon_439639"", ""problem"": ""[HANDLE] Hi! We have a fire stick purchased in Canada, but are moving to the UK. Can we use it in the UK? Will we need a power converter?"", ""response"": ""[HANDLE] You would definitely need adapter at the least. Your account's marketplace would need to change to the UK as well.""}, {""case_id"": ""amazon_387147"", ""problem"": ""[HANDLE] Please Share the link where we can find all old app quiz contest winner without going through [HANDLE].. thanx (Don't blame my English)"", ""response"": ""[HANDLE] You may find the recent contest results here: [URL]""}]","[""address the digital service or app issue"", ""investigate technical troubleshooting steps""]","[""promise immediate technical resolution"", ""state that the bug is already fixed globally""]",,,,,,,,
rating_978fff360bed926f,amazon_test_125,"Usually [HANDLE] is pretty good with deliveries however, my last order has been a pain. I don’t like being lied to. I made a purchase that came with free 1 day shipping with a purchase of $35 or more. Its been 4 days and still nothing. This is unacceptable..","[HANDLE] Hi [NAME]. My apologies. If you haven't used the benefits, you can cancel for a refund here: [URL]","[{""case_id"": ""amazon_2162886"", ""problem"": ""[HANDLE] I have been charged for a new year of Prime after being on a free student membership and with no email saying my subscription(1/2)"", ""response"": ""[HANDLE] Hi [NAME]. My apologies. If you haven't used the benefits, you can cancel for a refund here: [URL]""}]","[""address the delivery concern"", ""investigate the location or status of the package""]","[""guarantee a specific delivery time"", ""state that the package is definitely lost""]",,,,,,,,
rating_b50adb192951a34e,amazon_test_012,[HANDLE] Hi. We accidentally bought multiple copies of a Kindle book and only need 1. Can you help us return the extra ones? It's a Xmas present so we're unable to log onto the individual's Kindle. Thx!,Thanks for contacting us. A support specialist will review your request.,[],"[""address the return request"", ""explain the return process and verify eligibility""]","[""guarantee a full refund immediately"", ""state that the return is already processed""]",,,,,,,,
rating_6b435de601d2bc04,amazon_test_111,I swear to GOD if my [HANDLE] package doesn't get here for Christmas..... I'll freak the hell out,I’m sorry you’re dealing with this. Human support needs to review your request. I cannot check account details or perform account actions.,"[{""case_id"": ""amazon_180465"", ""problem"": ""When I pay for next day shipping, I expect my package to get here the next day! Being delayed two days is unacceptable. [HANDLE]"", ""response"": ""[HANDLE] I'm sorry your package is delayed! Has a new delivery date been provided? Also, who's the carrier: [URL]""}, {""case_id"": ""amazon_1929436"", ""problem"": ""[HANDLE] yes looked in them all ! If I apply again I'll get charged twice !"", ""response"": ""[HANDLE] Please visit us at the following link, and click \""Manage Returns\"" to find your label: [URL]""}, {""case_id"": ""amazon_2161883"", ""problem"": ""Ok. Why is amazon being like this. Last night I paid for my order and today. 3 times I get emails saying my payment was declined. The money has literally been taken from my account. What in the heck r u on bros I swear if it doesn’t come on time"", ""response"": ""[HANDLE] Sorry to hear about this. Please reach out to us here: [URL] and we can look into it.""}, {""case_id"": ""amazon_1078424"", ""problem"": ""[HANDLE] How come when I pay for 1 day shipping on Thursday, my package still isn't here."", ""response"": ""[HANDLE] The shipping speed refers to items transit time. We aim to the meet the date in checkout. Has this date passed?""}, {""case_id"": ""amazon_2353776"", ""problem"": ""[HANDLE] i pay for prime, note for delivery was to leave package at door, amazon alert just stated delivery attempted & i'll have to wait an extra day"", ""response"": ""[HANDLE] I'm sorry for the poor experience, [NAME]! To clarify, who was the carrier for this shipment? You can find this information here: [URL]""}]","[""address the delivery concern"", ""investigate the location or status of the package""]","[""guarantee a specific delivery time"", ""state that the package is definitely lost""]",,,,,,,,
rating_2509815e27cf3320,amazon_test_021,"hey. HEY. [HANDLE] how is it that [HANDLE] can identify two editions are the same, but you can't? i rebought a kindle book i already had because of this!",[HANDLE] Sorry about that! Please reach out to us via this link: [URL] and we can help with this charge.,"[{""case_id"": ""amazon_2671590"", ""problem"": ""[HANDLE] What link? Because I don't have a kindle account so I can't use that link????"", ""response"": ""[HANDLE] Sorry about that! Please reach out to us via this link: [URL] and we can help with this charge.""}]","[""address the digital service or app issue"", ""investigate technical troubleshooting steps""]","[""promise immediate technical resolution"", ""state that the bug is already fixed globally""]",,,,,,,,
rating_57247019d107d328,amazon_test_138,"Hey [HANDLE], guess what time it is? It's time to play my favorite game! ""Amazon Logistics fails to deliver Amazon orders on time/at all."" AMZL is 0 for 4 in a row. You've entirely lost this order, apparently.",Thanks for contacting us. A support specialist will review your request.,[],"[""address the delivery concern"", ""investigate the location or status of the package""]","[""guarantee a specific delivery time"", ""state that the package is definitely lost""]",,,,,,,,
rating_c821bb26b54a9fd2,amazon_test_031,"You've outdone yourselves this time [HANDLE]. I saw the delivery guy hanging around outside, so went out and asked if it was a parcel for me (gave name and address) and he said no. 5 minutes later I get a message that my parcel has been delivered and left behind the wheelie bin!",I’m sorry you’re dealing with this. Human support needs to review your request. I cannot check account details or perform account actions.,"[{""case_id"": ""amazon_842163"", ""problem"": ""[HANDLE] [HANDLE] I had a guy leave a message for a dropoff. He said \""Hello......hello....hello?...... Fuck It\"" and took my package back!"", ""response"": ""[HANDLE] I'm so sorry about this, [NAME]. Please send us your details here so we can investigate this: [URL]""}, {""case_id"": ""amazon_2467219"", ""problem"": ""[HANDLE] parcel says it was delivered and put in/near a shed. We don’t have a shed and I can’t find the parcel?!"", ""response"": ""[HANDLE] Terribly sorry about that, [NAME]! We'd love to help. Please give us a ring or chat here! [URL]""}, {""case_id"": ""amazon_737230"", ""problem"": ""so [HANDLE] just delivered a parcel 'to resident - Miss Evra' ... even tho home is empty and this name is not known ... 😂🧐🤔"", ""response"": ""[HANDLE] Sorry to hear. Was this an order you placed? Have you contacted us directly about it? What was advised?""}, {""case_id"": ""amazon_1771686"", ""problem"": ""[HANDLE] You are completely useless. 1st order not delivered after 8 days;cancelled;reordered;after 3 days no delivery. \""Left with neighbour\"" I HAVE NO NEIGHBOURS. The parcel has been left with someone in a completely different street. Now asking me to cancel and reorder. WHAT !!?"", ""response"": ""[HANDLE] Hi [NAME]. Sorry for the poor experience. This is not the service we expect. Was it the same carrier on both occasions?""}, {""case_id"": ""amazon_253421"", ""problem"": ""[HANDLE] my cousin right now has informed me that the package hasn't been delivered and supposingly I gave a couple of more days 😕"", ""response"": ""[HANDLE] We'd like to take a second look into this. When you have a moment, please reach us here: [URL]""}]","[""address the delivery concern"", ""investigate the location or status of the package""]","[""guarantee a specific delivery time"", ""state that the package is definitely lost""]",,,,,,,,
rating_b2c4a511bf7db527,amazon_test_016,[HANDLE] Daily I have been playing your quiz on Amazon App. Where do you declare the winners of these quiz? And How do I know if I am a winner?,[HANDLE] You may find the recent contest results here: [URL],"[{""case_id"": ""amazon_387147"", ""problem"": ""[HANDLE] Please Share the link where we can find all old app quiz contest winner without going through [HANDLE].. thanx (Don't blame my English)"", ""response"": ""[HANDLE] You may find the recent contest results here: [URL]""}]","[""address the digital service or app issue"", ""investigate technical troubleshooting steps""]","[""promise immediate technical resolution"", ""state that the bug is already fixed globally""]",,,,,,,,
rating_c82c7341900aaa79,amazon_test_015,[HANDLE] put something in my cart last night to order in the morning and the priced went up 5 bucks. Same thing with my husband priced up 50 this morning. #AngryAmazonprimeMember,[HANDLE] Kindly note that this is the lowest price we can offer at this point of time.,"[{""case_id"": ""amazon_1706564"", ""problem"": ""How [HANDLE] cheat their customers. Before logging in the product was priced at Rs.451. After logging in with prime account it's Rs.502..😑 [URL]"", ""response"": ""[HANDLE] Kindly note that this is the lowest price we can offer at this point of time.""}]","[""address the Prime or account issue"", ""check membership status and benefits""]","[""promise a refund for membership fees"", ""state that the account is already updated""]",,,,,,,,
rating_12fbd60598e53f03,amazon_test_147,"When my [HANDLE] order finally gets delivered, I get that Christmas/Birthday feeling every time. And I’m even more excited when it comes earlier than expected!",I’m sorry you’re dealing with this. Human support needs to review your request. I cannot check account details or perform account actions.,"[{""case_id"": ""amazon_286234"", ""problem"": ""[HANDLE] [HANDLE] that's for ruining my birthday by not delivering the order on time even tho it was place 2 days ago!!!"", ""response"": ""[HANDLE] We're sorry to miss a special occasion. Did you happen to report this to us, here: [URL]""}, {""case_id"": ""amazon_1436640"", ""problem"": ""That feeling at work when you see everyone elses [HANDLE] packages arrive but yours doesn;t. [URL]"", ""response"": ""[HANDLE] Don't fret yet! We can deliver up until 21:00. Please let us know if you don't receive your parcel!""}, {""case_id"": ""amazon_2347753"", ""problem"": ""[HANDLE] USPS was assigned the delivery. I can't even remember the last time something arrived when checkout said it would."", ""response"": ""[HANDLE] Have you had a chance to reach out to USPS directly about the delayed orders? We can also leave carrier feedback for you as well here: [URL]""}, {""case_id"": ""amazon_806328"", ""problem"": ""[HANDLE] [HANDLE] I’m still waiting for my order that should have been delivered on the 10th"", ""response"": ""[HANDLE] I'm terribly sorry you didn't receive your package. Was the order shipped by us or a seller? We'd definitely like to help!""}, {""case_id"": ""amazon_2242556"", ""problem"": ""[HANDLE] Worst Service ever. After more than 1.5 month order is not delivered [PHONE]."", ""response"": ""[HANDLE] Sorry for the delay in delivery of your order. Kindly share your details (1/2)""}]","[""address the delivery concern"", ""investigate the location or status of the package""]","[""guarantee a specific delivery time"", ""state that the package is definitely lost""]",,,,,,,,
rating_2c7d0f25cb1876b9,amazon_test_138,"Hey [HANDLE], guess what time it is? It's time to play my favorite game! ""Amazon Logistics fails to deliver Amazon orders on time/at all."" AMZL is 0 for 4 in a row. You've entirely lost this order, apparently.",I’m sorry you’re dealing with this. Human support needs to review your request. I cannot check account details or perform account actions.,"[{""case_id"": ""amazon_2295523"", ""problem"": ""[HANDLE] third time in a row I’ve ordered from Amazon Prime and it takes almost a week to arrive. What’s the point of being a Prime member if it doesn’t arrive on time?"", ""response"": ""[HANDLE] I'm so sorry for the delay of your order. We always strive to make the delivery date provided in the initial confirmation e-mail. Have we missed this date: [URL]""}, {""case_id"": ""amazon_811582"", ""problem"": ""[HANDLE] the AMZL tracking and delivery experience is the worst of all time."", ""response"": ""[HANDLE] We'd like to help out. Are you having a current issue with an AMZL delivery?""}, {""case_id"": ""amazon_1267115"", ""problem"": ""[HANDLE] please note the time of this email USPS didn't try to deliver anything at this time of night, quit letting them lie to you [URL]"", ""response"": ""[HANDLE] Terribly sorry for the frustration! Let's reach out to the carrier together to get this sorted: [URL]""}, {""case_id"": ""amazon_724597"", ""problem"": ""What is the point of preordering a book on [HANDLE] if it doesn't arrive on time? Like you guys had PLENTY of time. Last time I do that."", ""response"": ""[HANDLE] Letting you down is never what we want! To confirm, have we missed the delivery date confirmed via e-mail?""}, {""case_id"": ""amazon_2450564"", ""problem"": ""[HANDLE] This isn't the first time this has happened either I'm going to make sure that I don't order something thats delivered by Amazon logistics"", ""response"": ""[HANDLE] I'm so sorry for the poor delivery experience. Please reach out to us here:[URL] so we can investigate this.""}]","[""address the delivery concern"", ""investigate the location or status of the package""]","[""guarantee a specific delivery time"", ""state that the package is definitely lost""]",,,,,,,,
rating_b27c311b208bb11c,amazon_test_144,"[HANDLE] what's up with a package being delivered on the roof of my car? First the trash, now this? WTF?",[HANDLE] I'm sorry you've been given different info. Please let us know the carrier and latest tracking shown at the link provided.,"[{""case_id"": ""amazon_1562339"", ""problem"": ""[HANDLE] Yeah on the phone with a new operator and he said it’s delivered but I’m at my house with no package... what kind of bs?"", ""response"": ""[HANDLE] I'm sorry you've been given different info. Please let us know the carrier and latest tracking shown at the link provided.""}]","[""address the delivery concern"", ""investigate the location or status of the package""]","[""guarantee a specific delivery time"", ""state that the package is definitely lost""]",,,,,,,,
rating_806d2dce5a43706d,amazon_test_145,Have to give credit to [HANDLE] ... delivery problem and customer service sorted it out with a replacement right away and has promised to never ship with [HANDLE] again. Fair resolution. Quick. Decisive. Heard my concern and acted. Thanks.,[HANDLE] Glad everything was sorted out Thanks for the update.,"[{""case_id"": ""amazon_1337163"", ""problem"": ""[HANDLE] Spoken to customer service and a full refund has been organised. Thanks for your help 👍"", ""response"": ""[HANDLE] Glad everything was sorted out Thanks for the update.""}]","[""address the delivery concern"", ""investigate the location or status of the package""]","[""guarantee a specific delivery time"", ""state that the package is definitely lost""]",,,,,,,,
rating_acbf739c250df100,amazon_test_145,Have to give credit to [HANDLE] ... delivery problem and customer service sorted it out with a replacement right away and has promised to never ship with [HANDLE] again. Fair resolution. Quick. Decisive. Heard my concern and acted. Thanks.,Thanks for contacting us. A support specialist will review your request.,[],"[""address the delivery concern"", ""investigate the location or status of the package""]","[""guarantee a specific delivery time"", ""state that the package is definitely lost""]",,,,,,,,
rating_d00d8dbdb6e9a9ba,amazon_test_017,キリがいいので、今日からアマゾンプライム会員になった 今日からだとちょうど年末で無料期間終わって来年から年契約課金になるから、覚えやすい,A support specialist will review your request.,[],"[""request clarification regarding the user's issue"", ""extend support for any further questions""]","[""claim to fully understand the ambiguous problem"", ""provide definitive troubleshooting without context""]",,,,,,,,
rating_9008024dec0280fc,amazon_test_021,"hey. HEY. [HANDLE] how is it that [HANDLE] can identify two editions are the same, but you can't? i rebought a kindle book i already had because of this!",Thanks for contacting us. A support specialist will review your request.,[],"[""address the digital service or app issue"", ""investigate technical troubleshooting steps""]","[""promise immediate technical resolution"", ""state that the bug is already fixed globally""]",,,,,,,,
rating_638184e5aca645ab,amazon_test_052,Does anyone know how to change Amazon Echo's language to English Canada?It only gives me English US and English UK and it deleted all my skills until I change it to Canada! ARGH #iot #smarthome #tech #amazonecho [HANDLE] [URL],[HANDLE] Yes you will be able to do the same .,"[{""case_id"": ""amazon_1137863"", ""problem"": ""[HANDLE] Will i be able to change alexa voice to English US?????"", ""response"": ""[HANDLE] Yes you will be able to do the same .""}]","[""address the digital service or app issue"", ""investigate technical troubleshooting steps""]","[""promise immediate technical resolution"", ""state that the bug is already fixed globally""]",,,,,,,,
rating_d00e764f75dd0962,amazon_test_125,"Usually [HANDLE] is pretty good with deliveries however, my last order has been a pain. I don’t like being lied to. I made a purchase that came with free 1 day shipping with a purchase of $35 or more. Its been 4 days and still nothing. This is unacceptable..",I’m sorry you’re dealing with this. Human support needs to review your request. I cannot check account details or perform account actions.,"[{""case_id"": ""amazon_2162886"", ""problem"": ""[HANDLE] I have been charged for a new year of Prime after being on a free student membership and with no email saying my subscription(1/2)"", ""response"": ""[HANDLE] Hi [NAME]. My apologies. If you haven't used the benefits, you can cancel for a refund here: [URL]""}, {""case_id"": ""amazon_1604138"", ""problem"": ""[HANDLE] I just made a payment, the site says there was a problem with payment but I got a msg saying order is confirmed. Can you tell me if it has been or not?"", ""response"": ""[HANDLE] We'll look into it. 2/2""}, {""case_id"": ""amazon_180465"", ""problem"": ""When I pay for next day shipping, I expect my package to get here the next day! Being delayed two days is unacceptable. [HANDLE]"", ""response"": ""[HANDLE] I'm sorry your package is delayed! Has a new delivery date been provided? Also, who's the carrier: [URL]""}, {""case_id"": ""amazon_2117788"", ""problem"": ""[HANDLE] I have made a purchase of oneplu5 with an offer of 2000 rs cash back on credit card payment within 7 Nov. I hvnt received yet!!"", ""response"": ""[HANDLE] I would like to help you, could you please confirm if you are referring to Sept, Axis bank cashback?""}, {""case_id"": ""amazon_2610733"", ""problem"": ""[HANDLE] what a joke! Pay for prime for next day delivery. 3 days later still no order. And last 4 emails from them are auto response with nobody answering my questions! [HANDLE]"", ""response"": ""[HANDLE] Hello, I am sorry to hear this parcel has yet to reach you. What was the date provided to you via email confirmation when you placed the order ? We certainly will try to help if possible.""}]","[""address the delivery concern"", ""investigate the location or status of the package""]","[""guarantee a specific delivery time"", ""state that the package is definitely lost""]",,,,,,,,
rating_b371ad2628b2331f,amazon_test_147,"When my [HANDLE] order finally gets delivered, I get that Christmas/Birthday feeling every time. And I’m even more excited when it comes earlier than expected!","[HANDLE] We're sorry to miss a special occasion. Did you happen to report this to us, here: [URL]","[{""case_id"": ""amazon_286234"", ""problem"": ""[HANDLE] [HANDLE] that's for ruining my birthday by not delivering the order on time even tho it was place 2 days ago!!!"", ""response"": ""[HANDLE] We're sorry to miss a special occasion. Did you happen to report this to us, here: [URL]""}]","[""address the delivery concern"", ""investigate the location or status of the package""]","[""guarantee a specific delivery time"", ""state that the package is definitely lost""]",,,,,,,,
rating_2a2c5c35497597fb,amazon_test_115,[HANDLE] why do my prime delivery dates keep changing? Some orders are taking 5 days!what gives? #changingdates,[HANDLE] I'm sorry for the recurring charge! Have you contacted us to look into this? If not. we're avail: [URL],"[{""case_id"": ""amazon_307910"", ""problem"": ""[HANDLE] why you keep taking money from my account every month."", ""response"": ""[HANDLE] I'm sorry for the recurring charge! Have you contacted us to look into this? If not. we're avail: [URL]""}]","[""address the delivery concern"", ""investigate the location or status of the package""]","[""guarantee a specific delivery time"", ""state that the package is definitely lost""]",,,,,,,,
rating_4826b31b82a9d21a,amazon_test_122,[HANDLE] come on Amazon sort your Muppet delivery drivers out.. [URL],Thanks for contacting us. A support specialist will review your request.,[],"[""address the delivery concern"", ""investigate the location or status of the package""]","[""guarantee a specific delivery time"", ""state that the package is definitely lost""]",,,,,,,,
rating_7d9dcbc4d946b14b,amazon_test_008,Nice job [HANDLE]! You’re earning a lot of brownie points with me. Pretty sad that this is yet another item that was shipped right away and now it’s not arriving on it’s planned date. This is the message I received. In another message it states they “think” it’ll come Dec. 1. [URL],I’m sorry you’re dealing with this. Human support needs to review your request. I cannot check account details or perform account actions.,"[{""case_id"": ""amazon_1772658"", ""problem"": ""[HANDLE] Yes the order [PHONE] is not going to arrive tonight as it claimed and I know this because it happens everytime that it leaves a facility that is 2hrs away from my house. It’s 7pm and still no packages."", ""response"": ""@[PHONE]/2) Thanks for the update! We don't have access to your account on Twitter & recommend that you remove personal information.""}, {""case_id"": ""amazon_1756468"", ""problem"": ""It says “on the way - delivery attempted” - but I told you what happened - mail carrier pulled into driveway & said “it’s on another truck.” [URL]"", ""response"": ""[HANDLE] We'd like to take a look into this with you. When you have the chance, please reach out to us here: [URL]""}, {""case_id"": ""amazon_2377201"", ""problem"": ""[HANDLE] i need answers? y hasn’t it been shipped yet? y r we saying it’s arriving at 8 if it hasn’t been shipped? y can’t i track my package? where is my package? what the flip? [URL]"", ""response"": ""[HANDLE] We're here to help! What does current tracking information show? You can find that information here: [URL]""}, {""case_id"": ""amazon_1330262"", ""problem"": ""Hey [HANDLE] you didn't actually deliver my stuff. Does this mean you delivered it to the wrong place or that you only THINK you delivered it, and will it be resent today as the card I got through the door states it will? [URL]"", ""response"": ""[HANDLE] Hi, apologies for the lack of clarity. Our carrier deliver until 9pm today. Have you set a safe place/neighbour preference?""}, {""case_id"": ""amazon_791479"", ""problem"": ""[HANDLE] No delivery has ever been attempted, it’s a joke, it’s in stock, I live 20 mins away from where your holding it [URL]"", ""response"": ""[HANDLE] Sorry to hear this - pls contact us so we can escalate to the carrier : [URL]""}]","[""address the delivery concern"", ""investigate the location or status of the package""]","[""guarantee a specific delivery time"", ""state that the package is definitely lost""]",,,,,,,,
rating_a5eb97b2dec6332e,amazon_test_128,[HANDLE] day 3 still no package! WTF? 8 phone calls 9 different customer service people. Nothing!,[HANDLE] I'm sorry about the delay with your order. Kindly share your details here: [URL] and I'll look into this.,"[{""case_id"": ""amazon_2470218"", ""problem"": ""[HANDLE] [HANDLE] amazing service, it's being 3 days order not received yet, first it gets delivered to wrong area, then he calls me saying we'll deliver it next day or you can come and collect, next 2 days I get 6 calls for we're delivering but still nothing in sight."", ""response"": ""[HANDLE] I'm sorry about the delay with your order. Kindly share your details here: [URL] and I'll look into this.""}]","[""address the delivery concern"", ""investigate the location or status of the package""]","[""guarantee a specific delivery time"", ""state that the package is definitely lost""]",,,,,,,,
rating_8b489b8b64f3e52c,amazon_test_015,[HANDLE] put something in my cart last night to order in the morning and the priced went up 5 bucks. Same thing with my husband priced up 50 this morning. #AngryAmazonprimeMember,Thanks for contacting us. A support specialist will review your request.,[],"[""address the Prime or account issue"", ""check membership status and benefits""]","[""promise a refund for membership fees"", ""state that the account is already updated""]",,,,,,,,
rating_efac5226ab6261b2,amazon_test_016,[HANDLE] Daily I have been playing your quiz on Amazon App. Where do you declare the winners of these quiz? And How do I know if I am a winner?,Thanks for contacting us. A support specialist will review your request.,[],"[""address the digital service or app issue"", ""investigate technical troubleshooting steps""]","[""promise immediate technical resolution"", ""state that the bug is already fixed globally""]",,,,,,,,
rating_da4ba1ec57de1527,amazon_test_017,キリがいいので、今日からアマゾンプライム会員になった 今日からだとちょうど年末で無料期間終わって来年から年契約課金になるから、覚えやすい,I’m sorry you’re dealing with this. Human support needs to review your request. I cannot check account details or perform account actions.,[],"[""request clarification regarding the user's issue"", ""extend support for any further questions""]","[""claim to fully understand the ambiguous problem"", ""provide definitive troubleshooting without context""]",,,,,,,,
rating_c27c358173740adc,amazon_test_144,"[HANDLE] what's up with a package being delivered on the roof of my car? First the trash, now this? WTF?",Thanks for contacting us. A support specialist will review your request.,[],"[""address the delivery concern"", ""investigate the location or status of the package""]","[""guarantee a specific delivery time"", ""state that the package is definitely lost""]",,,,,,,,
rating_5cdf72dd2a042670,amazon_test_015,[HANDLE] put something in my cart last night to order in the morning and the priced went up 5 bucks. Same thing with my husband priced up 50 this morning. #AngryAmazonprimeMember,I’m sorry you’re dealing with this. Human support needs to review your request. I cannot check account details or perform account actions.,"[{""case_id"": ""amazon_1706564"", ""problem"": ""How [HANDLE] cheat their customers. Before logging in the product was priced at Rs.451. After logging in with prime account it's Rs.502..😑 [URL]"", ""response"": ""[HANDLE] Kindly note that this is the lowest price we can offer at this point of time.""}, {""case_id"": ""amazon_243186"", ""problem"": ""[HANDLE] all you did was close my new account with $35 in it, I received the email this morning and I was beyond furious because this is ridiculous."", ""response"": ""[HANDLE] Our Account Specialists are the best team to help with this and will respond via email in 24 hours. Please keep us updated!""}, {""case_id"": ""amazon_323756"", ""problem"": ""[HANDLE] Did you add a captcha to your login screen in the last 24 hours? Didn’t see one yesterday but there was one this morning."", ""response"": ""[HANDLE] Hi [NAME], sounds like two-step verification is enabled on the account: [URL]""}, {""case_id"": ""amazon_1758662"", ""problem"": ""[HANDLE] was told to cancel my order and re-order but it didn't show up in the canceled tab in my account. Rep had to email me"", ""response"": ""[HANDLE] Thank you for the update, [NAME]! Please don't hesitate to reach out to us if the issue persists.""}, {""case_id"": ""amazon_1387272"", ""problem"": ""[HANDLE] I did, does this now stop the person who was searching things in my account and placing them in the cart from purchasing items?"", ""response"": ""[HANDLE] Thanks for the update. For additional security, please set up Two-Step Verification: [URL]""}]","[""address the Prime or account issue"", ""check membership status and benefits""]","[""promise a refund for membership fees"", ""state that the account is already updated""]",,,,,,,,
rating_5c5cefb9b89b705a,amazon_test_128,[HANDLE] day 3 still no package! WTF? 8 phone calls 9 different customer service people. Nothing!,I’m sorry you’re dealing with this. Human support needs to review your request. I cannot check account details or perform account actions.,"[{""case_id"": ""amazon_2470218"", ""problem"": ""[HANDLE] [HANDLE] amazing service, it's being 3 days order not received yet, first it gets delivered to wrong area, then he calls me saying we'll deliver it next day or you can come and collect, next 2 days I get 6 calls for we're delivering but still nothing in sight."", ""response"": ""[HANDLE] I'm sorry about the delay with your order. Kindly share your details here: [URL] and I'll look into this.""}, {""case_id"": ""amazon_1209810"", ""problem"": ""[HANDLE] [HANDLE] 1st pathetic delivery service, followed by not trustworthy customer service.5 calls still not able 2 get da consignment"", ""response"": ""[HANDLE] I'm sorry that you haven't received your package yet. I’d like to take a closer look and help you, please fill (1/2)""}, {""case_id"": ""amazon_1373256"", ""problem"": ""[HANDLE] [HANDLE] really, amazon? 3 days and still no package? [URL]"", ""response"": ""[HANDLE] I'd like to make sure we escalate this to our transportation team. Please provide your details here: [URL]""}, {""case_id"": ""amazon_2679397"", ""problem"": ""[HANDLE] Order placed on 8th Nov, still not delivered. Contacted customer service multiple times, but still no resolution. #PatheticService #Prime (Order no. [PHONE])"", ""response"": ""[HANDLE] Apologies for the trouble with the delivery of the order. I'd like to help. Please fill in your details using the link: [URL] and I'll get in touch with you soon. ^AK (1/2)""}, {""case_id"": ""amazon_180911"", ""problem"": ""[HANDLE] even after #prime and repeated customer calls, didn't get the package in time. Very unlike [HANDLE]"", ""response"": ""[HANDLE] I'm sorry about the delay. Kindly drop in your details here: [URL] and we'll have this resolved for you.""}]","[""address the delivery concern"", ""investigate the location or status of the package""]","[""guarantee a specific delivery time"", ""state that the package is definitely lost""]",,,,,,,,
rating_68971dbf40174e26,amazon_test_122,[HANDLE] come on Amazon sort your Muppet delivery drivers out.. [URL],[HANDLE] Hey [NAME]! Sorry to hear you're having trouble receiving your package. If you have a free moment please contact us here: [URL] so we may better assist you.,"[{""case_id"": ""amazon_2414478"", ""problem"": ""[HANDLE] two days in a row now your delivery driver has said he's tried to deliver my package but there's been no knock on the door. Sort it out"", ""response"": ""[HANDLE] Hey [NAME]! Sorry to hear you're having trouble receiving your package. If you have a free moment please contact us here: [URL] so we may better assist you.""}]","[""address the delivery concern"", ""investigate the location or status of the package""]","[""guarantee a specific delivery time"", ""state that the package is definitely lost""]",,,,,,,,
rating_e4bff4a5a4154d02,amazon_test_055,When [HANDLE] prime 2 day delivery turns into 6. Then Amazon tracking tells me it will be here today but post tracking says tomorrow lol. 7 day prime shipping ftw,I’m sorry you’re dealing with this. Human support needs to review your request. I cannot check account details or perform account actions.,"[{""case_id"": ""amazon_2418999"", ""problem"": ""[HANDLE] Next working day, but Amazon Prime says next day delivery. Wouldn't mind, but it SAID they had tried, and they HADN'T. I dislike lies."", ""response"": ""[HANDLE] If you don't receive your parcel by the newly appointed delivery date, please don't hesitate to contact us so we can properly escalate this issue on your behalf.""}, {""case_id"": ""amazon_757795"", ""problem"": ""[HANDLE] I have Ordered the Special edition of wwe 2k18 with prime 1 day delivery but why does it say it will only be sent on release day"", ""response"": ""[HANDLE] To receive an item on release day, you may need to change the shipping speed to \""Release-Date Delivery\"" from your order.""}, {""case_id"": ""amazon_2673433"", ""problem"": ""[HANDLE] Appreciate delivery tracking system, but horrible delivery team. W/o contacting me sending regret msg. Tracking # [PHONE]"", ""response"": ""[HANDLE] I'm sorry about the delivery. Please report this to our support team here: [URL]""}, {""case_id"": ""amazon_320871"", ""problem"": ""[HANDLE] the mantra used to be based around 2-Day Shipping, but I have yet another “delayed delivery”."", ""response"": ""[HANDLE] Is there a new delivery date on the order?""}, {""case_id"": ""amazon_1405322"", ""problem"": ""[HANDLE] Paid for two day shipping on the 26th, package was supposed to be here today, but it keeps pushing back the date. What you doing?"", ""response"": ""[HANDLE] Oh no! Sorry to hear. We'd like to take a closer look. When you can, reach us by phone/chat: [URL]""}]","[""address the delivery concern"", ""investigate the location or status of the package""]","[""guarantee a specific delivery time"", ""state that the package is definitely lost""]",,,,,,,,
rating_83e680257e55bf0f,amazon_test_021,"hey. HEY. [HANDLE] how is it that [HANDLE] can identify two editions are the same, but you can't? i rebought a kindle book i already had because of this!",I’m sorry you’re dealing with this. Human support needs to review your request. I cannot check account details or perform account actions.,"[{""case_id"": ""amazon_2671590"", ""problem"": ""[HANDLE] What link? Because I don't have a kindle account so I can't use that link????"", ""response"": ""[HANDLE] Sorry about that! Please reach out to us via this link: [URL] and we can help with this charge.""}, {""case_id"": ""amazon_2255194"", ""problem"": ""[HANDLE] Okay, at least I now got a warning that there are two accounts with the same password and managed to set one up with a different email. So here I thought I had no Prime any more for 6 months. Thanks for this stupidity (why on earth can one email have TWO accounts!🤦‍♂️🤦‍♂️)"", ""response"": ""[HANDLE] It wasn't our intention to confuse you. I will forward your feedback regarding this. Regards""}, {""case_id"": ""amazon_296433"", ""problem"": ""[HANDLE] hey. Ordered Echo now. I already have Prime account. What now? Will the complimentary subscr be a top up? Or is it new license?"", ""response"": ""[HANDLE] If you're an existing prime member and you've successfully ordered Echo, your prime membership (1/2)""}, {""case_id"": ""amazon_729359"", ""problem"": ""Hey [HANDLE] you login verification codes are not getting sent... \""Resend code\"" does not help... [HANDLE] can you help?"", ""response"": ""[HANDLE] Hi [NAME]. Please get in touch with us here: [URL] and we'll look into this for you.""}, {""case_id"": ""amazon_2399572"", ""problem"": ""Soo upset with 😔🙁🙁 [HANDLE] My Amazon account is blocked I can't shop with because of that"", ""response"": ""[HANDLE] Sorry for the hassle. You should have received an email from our specialist team, please check and revert.""}]","[""address the digital service or app issue"", ""investigate technical troubleshooting steps""]","[""promise immediate technical resolution"", ""state that the bug is already fixed globally""]",,,,,,,,
rating_5b3f757878734982,amazon_test_086,"Amazon, UPS idk which one of y'all playing but Ima need my package ASAP❗️",I’m sorry you’re dealing with this. Human support needs to review your request. I cannot check account details or perform account actions.,"[{""case_id"": ""amazon_781630"", ""problem"": ""[HANDLE] no sign of parcel whatsoever, not happy. I need it ASAP"", ""response"": ""[HANDLE] Please contact us directly here: [URL] and we can look into this further.""}, {""case_id"": ""amazon_1262603"", ""problem"": ""[HANDLE] [HANDLE] Phone broke, need one tomorrow ASAP? Sorry not even option to have it shipped next day delivery anymore"", ""response"": ""[HANDLE] Hey, unfortunately it may not be available, do you have a link to the phone?""}, {""case_id"": ""amazon_1302302"", ""problem"": ""[HANDLE] y'all kinda suck, I was supposed to get a package today by 8, it just now says it was delivered but I didn't get anything"", ""response"": ""[HANDLE] So sorry about that! We have some tips for locating a missing package here: [URL] Keep us in the loop!""}, {""case_id"": ""amazon_1702169"", ""problem"": ""[HANDLE] My package says delivered but there’s nothing in front of my house"", ""response"": ""[HANDLE] Oh no! Have you tried these tips here: [URL] Let us know if you're unable to locate your package.""}, {""case_id"": ""amazon_406611"", ""problem"": ""[HANDLE] 9 times now. Advised 5 separate delivery times. One agent fell asleep while talking to me which was strange. When will my package arrive?"", ""response"": ""[HANDLE] Hey, [NAME]! My team would like to investigate with you. Could you please provide more details here: [URL]""}]","[""address the delivery concern"", ""investigate the location or status of the package""]","[""guarantee a specific delivery time"", ""state that the package is definitely lost""]",,,,,,,,
rating_2dee421101ed24c8,amazon_test_115,[HANDLE] why do my prime delivery dates keep changing? Some orders are taking 5 days!what gives? #changingdates,I’m sorry you’re dealing with this. Human support needs to review your request. I cannot check account details or perform account actions.,"[{""case_id"": ""amazon_307910"", ""problem"": ""[HANDLE] why you keep taking money from my account every month."", ""response"": ""[HANDLE] I'm sorry for the recurring charge! Have you contacted us to look into this? If not. we're avail: [URL]""}, {""case_id"": ""amazon_818866"", ""problem"": ""hey [HANDLE] what gives with Movies Anywhere? Why can't i connect my account!"", ""response"": ""[HANDLE] I'm sorry for the frustration! Are you trying to sign up through the app or the website?""}, {""case_id"": ""amazon_2471672"", ""problem"": ""[HANDLE] help - my account seems to have been wiped, none of my previous orders or Prime membership are on there anymore. What should I do!"", ""response"": ""[HANDLE] Oh no! I'm sorry to hear about these account issues, [NAME]. Just to clarify, can you still login and access the account?""}, {""case_id"": ""amazon_1108280"", ""problem"": ""[HANDLE] for some reason, there is no option in the prime membership tab to cancel my prime membership, what do I do?"", ""response"": ""[HANDLE] If you can't cancel it following these steps: [URL] Please reach out for help: [URL]""}, {""case_id"": ""amazon_1606507"", ""problem"": ""[HANDLE] Really pathetic support from Amazon. No point taking prime account. Have to wait for 5 days for (cont) [URL]"", ""response"": ""[HANDLE] Sorry to know that. Could you please let us know what went wrong. We'll definitely look into it.""}]","[""address the delivery concern"", ""investigate the location or status of the package""]","[""guarantee a specific delivery time"", ""state that the package is definitely lost""]",,,,,,,,
rating_97830ea94367a052,amazon_test_008,Nice job [HANDLE]! You’re earning a lot of brownie points with me. Pretty sad that this is yet another item that was shipped right away and now it’s not arriving on it’s planned date. This is the message I received. In another message it states they “think” it’ll come Dec. 1. [URL],@[PHONE]/2) Thanks for the update! We don't have access to your account on Twitter & recommend that you remove personal information.,"[{""case_id"": ""amazon_1772658"", ""problem"": ""[HANDLE] Yes the order [PHONE] is not going to arrive tonight as it claimed and I know this because it happens everytime that it leaves a facility that is 2hrs away from my house. It’s 7pm and still no packages."", ""response"": ""@[PHONE]/2) Thanks for the update! We don't have access to your account on Twitter & recommend that you remove personal information.""}]","[""address the delivery concern"", ""investigate the location or status of the package""]","[""guarantee a specific delivery time"", ""state that the package is definitely lost""]",,,,,,,,
rating_c52c1f39c2d54fb4,amazon_test_111,I swear to GOD if my [HANDLE] package doesn't get here for Christmas..... I'll freak the hell out,Thanks for contacting us. A support specialist will review your request.,[],"[""address the delivery concern"", ""investigate the location or status of the package""]","[""guarantee a specific delivery time"", ""state that the package is definitely lost""]",,,,,,,,
rating_5c01b9492a131241,amazon_test_012,[HANDLE] Hi. We accidentally bought multiple copies of a Kindle book and only need 1. Can you help us return the extra ones? It's a Xmas present so we're unable to log onto the individual's Kindle. Thx!,[HANDLE] Hi there- Can you confirm which site you placed your order? [URL] [URL] or?,"[{""case_id"": ""amazon_441022"", ""problem"": ""[HANDLE] I’ve bought a kindle book instead of a real book, can I change it please?"", ""response"": ""[HANDLE] Hi there- Can you confirm which site you placed your order? [URL] [URL] or?""}]","[""address the return request"", ""explain the return process and verify eligibility""]","[""guarantee a full refund immediately"", ""state that the return is already processed""]",,,,,,,,
rating_475b10f25102d48a,amazon_test_128,[HANDLE] day 3 still no package! WTF? 8 phone calls 9 different customer service people. Nothing!,Thanks for contacting us. A support specialist will review your request.,[],"[""address the delivery concern"", ""investigate the location or status of the package""]","[""guarantee a specific delivery time"", ""state that the package is definitely lost""]",,,,,,,,
rating_3d95825a06f0cc5c,amazon_test_116,[HANDLE] [HANDLE] I am not getting any option to exchange with oneplus 5,I’m sorry you’re dealing with this. Human support needs to review your request. I cannot check account details or perform account actions.,"[{""case_id"": ""amazon_785840"", ""problem"": ""[HANDLE] I want to return my product and not replace. Why there is no option to return. I am only getting option to replace."", ""response"": ""[HANDLE] We'd like to take a closer look, [NAME]. Please call us here: [URL] and we'll check.""}, {""case_id"": ""amazon_832927"", ""problem"": ""[HANDLE] I am trying to return an order but that option not working."", ""response"": ""[HANDLE] That's strange. Let us check this out for you. Please reach us via [URL] (1/2)""}, {""case_id"": ""amazon_1568726"", ""problem"": ""[HANDLE] I can't return the item because it was not delivered to me. I am not seeing a replace option."", ""response"": ""[HANDLE] No worries, [NAME]! As this item is being returned to us as damaged, we will issue a refund once we receive it.""}, {""case_id"": ""amazon_288043"", ""problem"": ""[HANDLE] There is no problem with amex. I am having trouble getting refund from Amazon india [HANDLE] [HANDLE] . It's been near to month"", ""response"": ""[HANDLE] registered email address. Kindly revert to the same for further assistance. (2/2)""}, {""case_id"": ""amazon_2403839"", ""problem"": ""[HANDLE] [HANDLE] [HANDLE] Look now public should know amazon cheats I recommend people not to use amazon as it won't refund or exchange beware of getting cheated by amazon use paytm flipkart not amazon #BoycottAmazon #cheateramazon"", ""response"": ""[HANDLE] I'm sorry but unless you share the required details through the link provided to earlier, we won't be able to help you.""}]","[""request clarification regarding the user's issue"", ""extend support for any further questions""]","[""claim to fully understand the ambiguous problem"", ""provide definitive troubleshooting without context""]",,,,,,,,
rating_2784ce336c128356,amazon_test_144,"[HANDLE] what's up with a package being delivered on the roof of my car? First the trash, now this? WTF?",I’m sorry you’re dealing with this. Human support needs to review your request. I cannot check account details or perform account actions.,"[{""case_id"": ""amazon_1562339"", ""problem"": ""[HANDLE] Yeah on the phone with a new operator and he said it’s delivered but I’m at my house with no package... what kind of bs?"", ""response"": ""[HANDLE] I'm sorry you've been given different info. Please let us know the carrier and latest tracking shown at the link provided.""}, {""case_id"": ""amazon_354401"", ""problem"": ""[HANDLE] any reason why I got a notification of my package being delivered but it is in fact, not here 🤔"", ""response"": ""[HANDLE] I'm sorry for the issue with your delivery! Have you tried the steps listed here: [URL]""}, {""case_id"": ""amazon_1432636"", ""problem"": ""[HANDLE] The album is out today. I ordered over a month ago. What's the point of preordering if doesn't get delivered on release date."", ""response"": ""[HANDLE] Hi there- Was release day delivery an option when you originally placed the order?""}, {""case_id"": ""amazon_253421"", ""problem"": ""[HANDLE] my cousin right now has informed me that the package hasn't been delivered and supposingly I gave a couple of more days 😕"", ""response"": ""[HANDLE] We'd like to take a second look into this. When you have a moment, please reach us here: [URL]""}, {""case_id"": ""amazon_2286555"", ""problem"": ""[HANDLE] What do I do in the event that your carrier has marked a package as being delivered and the package is no where to be found?"", ""response"": ""[HANDLE] Hello, [NAME]. Who is the carrier for this order? You can find that information here: [URL]""}]","[""address the delivery concern"", ""investigate the location or status of the package""]","[""guarantee a specific delivery time"", ""state that the package is definitely lost""]",,,,,,,,
rating_06d2830e89098e9a,amazon_test_138,"Hey [HANDLE], guess what time it is? It's time to play my favorite game! ""Amazon Logistics fails to deliver Amazon orders on time/at all."" AMZL is 0 for 4 in a row. You've entirely lost this order, apparently.",[HANDLE] I'm so sorry for the delay of your order. We always strive to make the delivery date provided in the initial confirmation e-mail. Have we missed this date: [URL],"[{""case_id"": ""amazon_2295523"", ""problem"": ""[HANDLE] third time in a row I’ve ordered from Amazon Prime and it takes almost a week to arrive. What’s the point of being a Prime member if it doesn’t arrive on time?"", ""response"": ""[HANDLE] I'm so sorry for the delay of your order. We always strive to make the delivery date provided in the initial confirmation e-mail. Have we missed this date: [URL]""}]","[""address the delivery concern"", ""investigate the location or status of the package""]","[""guarantee a specific delivery time"", ""state that the package is definitely lost""]",,,,,,,,
rating_9987c4b78ec78265,amazon_test_055,When [HANDLE] prime 2 day delivery turns into 6. Then Amazon tracking tells me it will be here today but post tracking says tomorrow lol. 7 day prime shipping ftw,Thanks for contacting us. A support specialist will review your request.,[],"[""address the delivery concern"", ""investigate the location or status of the package""]","[""guarantee a specific delivery time"", ""state that the package is definitely lost""]",,,,,,,,
rating_61be9442ca0411a5,amazon_test_125,"Usually [HANDLE] is pretty good with deliveries however, my last order has been a pain. I don’t like being lied to. I made a purchase that came with free 1 day shipping with a purchase of $35 or more. Its been 4 days and still nothing. This is unacceptable..",Thanks for contacting us. A support specialist will review your request.,[],"[""address the delivery concern"", ""investigate the location or status of the package""]","[""guarantee a specific delivery time"", ""state that the package is definitely lost""]",,,,,,,,
rating_8abf97242aca8863,amazon_test_086,"Amazon, UPS idk which one of y'all playing but Ima need my package ASAP❗️",Thanks for contacting us. A support specialist will review your request.,[],"[""address the delivery concern"", ""investigate the location or status of the package""]","[""guarantee a specific delivery time"", ""state that the package is definitely lost""]",,,,,,,,
rating_52f459d4e5c1b155,amazon_test_017,キリがいいので、今日からアマゾンプライム会員になった 今日からだとちょうど年末で無料期間終わって来年から年契約課金になるから、覚えやすい,Thanks for contacting us. A support specialist will review your request.,[],"[""request clarification regarding the user's issue"", ""extend support for any further questions""]","[""claim to fully understand the ambiguous problem"", ""provide definitive troubleshooting without context""]",,,,,,,,
rating_24e08aba9f64f769,amazon_test_055,When [HANDLE] prime 2 day delivery turns into 6. Then Amazon tracking tells me it will be here today but post tracking says tomorrow lol. 7 day prime shipping ftw,"[HANDLE] If you don't receive your parcel by the newly appointed delivery date, please don't hesitate to contact us so we can properly escalate this issue on your behalf.","[{""case_id"": ""amazon_2418999"", ""problem"": ""[HANDLE] Next working day, but Amazon Prime says next day delivery. Wouldn't mind, but it SAID they had tried, and they HADN'T. I dislike lies."", ""response"": ""[HANDLE] If you don't receive your parcel by the newly appointed delivery date, please don't hesitate to contact us so we can properly escalate this issue on your behalf.""}]","[""address the delivery concern"", ""investigate the location or status of the package""]","[""guarantee a specific delivery time"", ""state that the package is definitely lost""]",,,,,,,,
rating_752e59a230d3381e,amazon_test_111,I swear to GOD if my [HANDLE] package doesn't get here for Christmas..... I'll freak the hell out,"[HANDLE] I'm sorry your package is delayed! Has a new delivery date been provided? Also, who's the carrier: [URL]","[{""case_id"": ""amazon_180465"", ""problem"": ""When I pay for next day shipping, I expect my package to get here the next day! Being delayed two days is unacceptable. [HANDLE]"", ""response"": ""[HANDLE] I'm sorry your package is delayed! Has a new delivery date been provided? Also, who's the carrier: [URL]""}]","[""address the delivery concern"", ""investigate the location or status of the package""]","[""guarantee a specific delivery time"", ""state that the package is definitely lost""]",,,,,,,,
rating_0a8405660c80b36c,amazon_test_031,"You've outdone yourselves this time [HANDLE]. I saw the delivery guy hanging around outside, so went out and asked if it was a parcel for me (gave name and address) and he said no. 5 minutes later I get a message that my parcel has been delivered and left behind the wheelie bin!",Thanks for contacting us. A support specialist will review your request.,[],"[""address the delivery concern"", ""investigate the location or status of the package""]","[""guarantee a specific delivery time"", ""state that the package is definitely lost""]",,,,,,,,
rating_3c30968807b439b9,amazon_test_116,[HANDLE] [HANDLE] I am not getting any option to exchange with oneplus 5,"[HANDLE] We'd like to take a closer look, [NAME]. Please call us here: [URL] and we'll check.","[{""case_id"": ""amazon_785840"", ""problem"": ""[HANDLE] I want to return my product and not replace. Why there is no option to return. I am only getting option to replace."", ""response"": ""[HANDLE] We'd like to take a closer look, [NAME]. Please call us here: [URL] and we'll check.""}]","[""request clarification regarding the user's issue"", ""extend support for any further questions""]","[""claim to fully understand the ambiguous problem"", ""provide definitive troubleshooting without context""]",,,,,,,,
rating_46b9423b8684bbe2,amazon_test_145,Have to give credit to [HANDLE] ... delivery problem and customer service sorted it out with a replacement right away and has promised to never ship with [HANDLE] again. Fair resolution. Quick. Decisive. Heard my concern and acted. Thanks.,I’m sorry you’re dealing with this. Human support needs to review your request. I cannot check account details or perform account actions.,"[{""case_id"": ""amazon_1337163"", ""problem"": ""[HANDLE] Spoken to customer service and a full refund has been organised. Thanks for your help 👍"", ""response"": ""[HANDLE] Glad everything was sorted out Thanks for the update.""}, {""case_id"": ""amazon_1129288"", ""problem"": ""[HANDLE] [HANDLE] I submitted for refund on the wrong account and bought it with the right one. Can you confirm this is ok? Thanks and apologies!"", ""response"": ""[HANDLE] That's perfect! I'm glad you were able to resolve that!""}, {""case_id"": ""amazon_707885"", ""problem"": ""[HANDLE] my package never came so i requested a replacement and a refund and i couldn’t get either sooo what am i supposed to do"", ""response"": ""[HANDLE] I'm sorry you never received your package! Were the items shipped by amazon or a third-party seller? Please let us know!""}, {""case_id"": ""amazon_283973"", ""problem"": ""When you buy a book from [HANDLE] and it turns out to be a library book someone has forgotten to return #conned"", ""response"": ""[HANDLE] Oh no! This is not how we want your experience to go with us, [NAME]. Was this order through a seller on our site?""}, {""case_id"": ""amazon_1486934"", ""problem"": ""[HANDLE] I was promised a refund, and something for all the Amazon screw-ups, mistakes, and HOURS of customer service problems...but NADA."", ""response"": ""[HANDLE] Our team would like to take a closer look at this. Please provide your contact info here: [URL]""}]","[""address the delivery concern"", ""investigate the location or status of the package""]","[""guarantee a specific delivery time"", ""state that the package is definitely lost""]",,,,,,,,
